,Date,Temp_H,Temp_avg,Temp_L,Dew_H,Dew_avg,Dew_L,Humidity_H,Humidity_avg,Humidity_L,Pressure_H,Pressure_avg,Pressure_L,Visibility_H,Visibility_avg,Visibility_L,Wind_H,Wind_avg,Gust_Speed_H,Precip_sum,Events,Month
2,1,19,14,11,11,6,0,82,59,22,1021,1019,1018,10,4,1,14,8,- ,0,  ,1.0
3,2,21,16,11,9,6,1,67,53,38,1024,1023,1021,10,6,3,40,13,- ,0,  ,1.0
4,3,20,16,11,12,10,8,88,71,46,1026,1024,1022,10,5,2,19,8,- ,0,  ,1.0
5,4,19,14,10,13,10,7,94,73,44,1022,1019,1016,10,5,2,16,11,- ,0,  ,1.0
6,5,18,14,10,10,7,3,87,61,34,1018,1015,1013,10,8,3,29,13,- ,0,  ,1.0
7,6,18,14,11,7,5,2,67,53,34,1014,1011,1008,10,6,4,52,27,- ,0,  ,1.0
8,7,17,13,11,8,5,2,71,56,37,1017,1013,1007,10,8,3,55,37,- ,0,  ,1.0
9,8,17,13,10,9,6,2,88,62,33,1016,1014,1011,10,7,2,42,27,- ,1.02,rain,1.0
10,9,11,8,6,8,6,3,93,77,42,1022,1017,1014,10,10,6,24,14,- ,7.87,rain,1.0
11,10,13,10,7,6,5,3,82,73,54,1025,1022,1021,10,9,3,35,16,- ,0,  ,1.0
12,11,16,12,9,6,4,3,81,59,36,1026,1024,1023,10,9,4,32,18,- ,0,  ,1.0
13,12,18,14,10,7,4,3,67,52,29,1024,1022,1021,10,7,4,16,10,- ,0,  ,1.0
14,13,19,14,10,10,7,4,77,58,31,1024,1022,1021,10,7,4,16,8,- ,0,  ,1.0
15,14,19,14,9,12,9,6,88,70,33,1025,1024,1023,10,7,2,27,14,- ,0,  ,1.0
16,15,20,14,8,11,3,-4,94,57,21,1025,1022,1020,10,6,6,37,16,- ,0,  ,1.0
17,16,21,14,8,7,2,-3,62,45,21,1021,1018,1016,10,3,1,84,8,- ,0,  ,1.0
18,17,21,17,12,10,4,0,77,44,27,1020,1018,1017,10,3,1,19,11,- ,0,  ,1.0
19,18,19,14,11,14,10,6,100,75,43,1017,1015,1008,10,3,1,16,13,- ,0,Fog,1.0
20,19,20,15,10,8,-1,-10,72,39,7,1020,1017,1015,10,6,2,23,14,- ,0,  ,1.0
21,20,22,17,12,3,-1,-6,47,31,15,1022,1020,1019,10,6,3,23,13,- ,0,  ,1.0
22,21,28,19,11,2,-3,-8,38,23,5,1019,1015,1012,10,6,2,24,11,- ,0,  ,1.0
23,22,24,20,15,12,4,-2,72,36,16,1019,1015,1011,10,5,3,26,14,- ,0,  ,1.0
24,23,19,16,12,11,9,7,82,63,32,1021,1020,1019,10,8,6,14,10,- ,0,  ,1.0
25,24,21,17,12,10,7,2,77,54,32,1019,1015,1011,10,7,4,23,13,- ,0,  ,1.0
26,25,22,19,16,8,5,3,55,40,25,1015,1013,1010,10,5,3,26,14,- ,0,  ,1.0
27,26,22,17,13,6,3,0,55,38,16,1014,1013,1011,10,5,3,16,10,- ,0,  ,1.0
28,27,18,14,11,7,-2,-6,45,30,17,1016,1015,1013,10,7,6,21,11,- ,0,  ,1.0
29,28,17,13,9,4,2,-2,62,46,23,1017,1014,1012,10,7,3,37,11,- ,0,rain,1.0
30,29,16,12,8,9,6,3,76,59,42,1018,1017,1016,10,7,2,24,16,- ,0,  ,1.0
31,30,18,14,11,8,4,-1,76,52,22,1016,1014,1011,10,8,3,34,16,- ,0,  ,1.0
32,31,16,13,10,10,7,5,88,67,45,1015,1012,1010,10,8,6,39,26,- ,0,rain,1.0
33,1,16,13,10,10,8,6,82,69,55,1019,1014,1012,10,8,4,40,24,- ,0,rain,1.0
34,2,18,13,8,8,6,4,87,62,36,1024,1022,1019,10,5,2,188,18,- ,0,  ,2.0
35,3,22,17,11,7,2,-4,62,41,17,1026,1023,1022,10,8,6,26,14,- ,0,  ,2.0
36,4,26,18,9,10,4,-5,58,41,7,1022,1018,1015,10,4,2,16,6,- ,0,  ,2.0
37,5,25,21,16,6,2,-2,48,28,8,1014,1011,1008,10,5,2,29,16,- ,0,  ,2.0
38,6,17,16,14,8,5,1,63,48,25,1017,1013,1009,10,7,4,40,24,- ,0,  ,2.0
39,7,21,17,12,11,8,3,82,58,24,1020,1017,1016,10,5,2,19,11,- ,0,  ,2.0
40,8,22,17,11,10,6,2,77,49,23,1016,1014,1012,10,7,6,23,13,- ,0,  ,2.0
41,9,19,16,13,10,7,2,77,54,26,1049,1019,1014,10,10,10,23,13,- ,0,  ,2.0
42,10,18,14,11,10,6,3,82,56,30,1019,1017,1015,10,10,10,21,13,- ,0,  ,2.0
43,11,19,15,11,6,1,-6,71,43,8,1019,1018,1017,10,10,10,27,10,- ,0,  ,2.0
44,12,19,14,9,9,6,4,76,58,35,1021,1019,1018,10,8,3,24,6,- ,0,  ,2.0
45,13,19,14,9,9,6,1,82,58,23,1019,1016,1014,10,7,6,37,16,- ,0,  ,2.0
46,14,23,18,13,9,3,-3,72,42,15,1014,1012,1011,10,6,3,34,13,- ,0,  ,2.0
47,15,20,16,11,8,-3,-10,63,32,13,1020,1017,1014,10,10,10,35,19,- ,0,  ,2.0
48,16,19,14,10,8,2,-4,67,41,24,1022,1020,1019,10,9,6,19,13,- ,0,  ,2.0
49,17,18,14,10,10,6,1,82,58,32,1020,1018,1016,10,7,1,16,8,- ,0,  ,2.0
50,18,19,14,11,9,7,4,72,57,28,1018,1017,1015,10,9,3,23,11,- ,0,  ,2.0
51,19,19,14,10,11,7,4,82,58,33,1020,1019,1018,10,6,1,13,6,- ,0,  ,2.0
52,20,22,17,11,6,2,-2,62,40,16,1021,1019,1018,10,8,6,16,10,- ,0,  ,2.0
53,21,24,18,12,4,-3,-8,48,25,7,1020,1016,1011,10,5,3,29,11,- ,0,  ,2.0
54,22,27,21,15,3,-4,-11,33,19,6,1012,1009,1006,10,5,3,47,13,- ,0,  ,2.0
55,23,21,18,16,11,8,5,72,51,25,1022,1017,1013,10,9,6,26,13,- ,0,  ,2.0
56,24,23,17,12,12,8,4,82,60,25,1024,1022,1021,10,6,6,27,13,- ,0,  ,2.0
57,25,26,18,11,12,9,4,88,58,14,1021,1019,1017,10,8,6,21,16,- ,0,  ,2.0
58,26,25,20,15,14,9,3,82,53,24,1018,1016,1015,6,4,2,16,8,- ,0,  ,2.0
59,27,22,16,10,14,12,9,100,75,38,1018,1016,1016,6,4,0,21,13,- ,0,fog,2.0
60,28,22,17,13,15,10,6,94,65,25,1020,1018,1016,10,7,3,21,13,- ,0,  ,2.0
61,1,21,16,11,8,6,3,71,54,31,1019,1017,1015,10,10,10,19,10,- ,0,  ,2.0
62,2,27,19,12,8,4,-4,77,42,8,1016,1013,1009,10,10,10,35,21,- ,0,  ,3.0
63,3,29,23,17,11,-2,-7,64,22,6,1014,1010,1006,10,6,6,35,26,- ,0,  ,3.0
64,4,21,18,15,11,9,7,72,57,40,1018,1016,1014,10,10,10,24,11,- ,0,  ,3.0
65,5,19,16,12,10,8,6,77,60,32,1022,1019,1017,10,6,3,23,11,- ,0,  ,3.0
66,6,20,16,11,9,6,2,77,53,24,1024,1022,1021,10,6,2,37,18,- ,0,  ,3.0
67,7,22,16,9,5,2,-3,71,44,15,1021,1017,1013,10,8,6,35,24,- ,0,  ,3.0
68,8,27,19,12,12,2,-9,72,34,9,1012,1009,1005,10,4,1,55,13,- ,0,  ,3.0
69,9,22,18,14,14,11,6,94,63,23,1017,1014,1012,10,9,6,16,11,- ,0,  ,3.0
70,10,27,20,13,10,8,5,67,46,15,1017,1016,1014,10,5,3,32,13,- ,0,  ,3.0
71,11,29,23,17,9,5,2,52,30,11,1016,1014,1013,10,7,6,39,19,- ,0,  ,3.0
72,12,34,28,22,4,1,-6,31,18,5,1014,1011,1008,10,6,4,47,23,- ,0,  ,3.0
73,13,27,22,17,16,10,-6,78,51,8,1013,1012,1009,10,6,4,27,16,- ,0,  ,3.0
74,14,36,26,16,13,6,-3,77,36,5,1012,1009,1006,10,5,2,26,16,- ,0,  ,3.0
75,15,36,27,17,16,3,-7,77,27,5,1012,1006,1003,10,5,3,47,27,- ,0,  ,3.0
76,16,22,19,15,13,8,2,82,53,24,1018,1014,1012,10,7,4,27,16,- ,0,  ,3.0
77,17,19,17,14,7,5,2,63,48,23,1020,1018,1017,10,10,10,26,19,- ,0,  ,3.0
78,18,20,16,12,7,6,4,63,52,35,1021,1018,1016,10,9,6,34,16,- ,0,  ,3.0
79,19,22,17,11,10,7,5,76,57,35,1017,1014,1012,10,8,6,32,19,- ,0,  ,3.0
80,20,24,18,12,11,9,6,88,57,26,1016,1015,1014,10,10,10,29,19,- ,0,  ,3.0
81,21,31,21,12,13,7,-6,88,47,8,1016,1012,1007,10,7,4,26,16,- ,0,  ,3.0
82,22,24,20,16,13,4,-6,64,36,9,1014,1008,1001,10,2,0,53,29,- ,0,  ,3.0
83,23,22,18,13,10,8,6,77,56,28,1017,1014,1013,10,10,10,26,16,- ,0,  ,3.0
84,24,22,17,12,11,7,0,82,54,17,1019,1017,1016,10,5,2,26,13,- ,0,  ,3.0
85,25,27,19,11,10,4,-5,72,44,9,1019,1015,1011,10,10,10,29,19,- ,0,  ,3.0
86,26,31,22,13,10,3,-6,72,36,8,1014,1009,1007,10,4,2,47,19,- ,0,  ,3.0
87,27,24,19,14,10,6,2,72,43,17,1017,1015,1013,10,10,10,26,13,- ,0,  ,3.0
88,28,28,22,16,8,2,-4,59,31,7,1017,1016,1015,10,10,10,27,18,- ,0,  ,3.0
89,29,29,23,18,9,2,-3,49,26,11,1017,1015,1014,10,10,10,32,21,- ,0,  ,3.0
90,30,28,21,15,12,6,-1,67,41,9,1015,1012,1009,10,10,10,34,23,- ,0,  ,3.0
91,31,36,27,17,12,3,-7,72,31,4,1010,1008,1006,10,5,2,35,16,- ,0,  ,3.0
92,1,28,24,21,11,6,-2,53,29,9,1017,1012,1008,10,3,2,34,21,- ,0,  ,3.0
93,2,28,22,16,13,6,0,57,34,13,1016,1015,1013,10,10,10,26,11,- ,0,  ,4.0
94,3,32,26,19,12,4,-2,56,28,8,1013,1009,1005,10,6,2,35,16,- ,0,  ,4.0
95,4,23,19,16,12,9,4,77,53,24,1017,1014,1009,10,8,2,35,26,- ,0,  ,4.0
96,5,24,19,15,11,9,6,72,52,28,1018,1017,1015,10,10,10,21,16,- ,0,  ,4.0
97,6,29,21,13,12,4,-4,94,40,7,1018,1015,1011,10,10,10,27,14,- ,0,  ,4.0
98,7,35,27,19,11,-1,-11,56,22,4,1012,1008,1006,10,6,3,42,18,- ,0,  ,4.0
99,8,26,22,18,9,2,-6,49,29,8,1018,1013,1007,10,5,2,37,14,- ,0,  ,4.0
100,9,24,20,16,11,8,6,64,49,26,1019,1017,1015,10,10,10,21,11,- ,0,  ,4.0
101,10,23,19,14,12,10,7,82,57,31,1019,1017,1015,10,10,10,26,13,- ,0,  ,4.0
102,11,23,19,14,12,8,3,82,53,19,1017,1015,1013,10,8,6,24,13,- ,0,  ,4.0
103,12,24,19,13,12,9,7,72,55,26,1018,1015,1014,10,10,10,29,14,- ,0,  ,4.0
104,13,24,19,13,12,10,7,82,57,28,1020,1019,1017,10,9,6,29,18,- ,0,  ,4.0
105,14,28,21,14,14,11,7,94,58,20,1021,1019,1016,10,10,10,29,19,- ,0,  ,4.0
106,15,29,21,14,14,8,1,82,48,13,1017,1013,1009,10,8,6,29,14,- ,0,  ,4.0
107,16,23,19,15,13,9,4,82,54,23,1014,1012,1011,10,10,10,34,14,- ,0,  ,4.0
108,17,22,18,15,10,8,2,72,53,21,1015,1013,1012,10,10,6,29,14,- ,0,  ,4.0
109,18,23,18,14,11,8,3,72,52,21,1014,1012,1010,10,8,6,23,10,- ,0,  ,4.0
110,19,23,19,14,11,7,0,77,49,18,1015,1013,1012,10,9,6,27,13,- ,0,  ,4.0
111,20,22,18,14,8,5,0,63,44,16,1016,1014,1013,10,10,10,35,18,- ,0,  ,4.0
112,21,21,18,14,10,7,4,67,51,24,1015,1014,1012,10,10,10,23,11,- ,0,  ,4.0
113,22,23,18,13,11,8,5,72,51,24,1017,1014,1013,10,10,10,23,10,- ,0,  ,4.0
114,23,25,19,13,11,9,5,77,53,21,1020,1017,1016,10,7,4,35,14,- ,0,  ,4.0
115,24,26,20,14,13,9,3,88,55,20,1020,1019,1017,10,10,10,35,24,- ,0,  ,4.0
116,25,28,21,14,14,9,2,88,50,11,1020,1017,1015,10,7,6,35,24,- ,0,  ,4.0
117,26,29,22,14,13,6,-1,88,44,7,1016,1013,1010,10,8,6,32,18,- ,0,  ,4.0
118,27,31,23,16,13,9,4,77,45,10,1013,1011,1009,10,7,6,32,18,- ,0,  ,4.0
119,28,35,26,17,15,11,6,78,45,13,1019,1010,1008,10,4,2,34,13,- ,0,  ,4.0
120,29,36,29,22,8,-2,-12,34,16,4,1012,1011,1010,10,10,10,40,23,- ,0,  ,4.0
121,30,37,28,18,9,3,-2,49,25,5,1014,1013,1011,10,7,6,35,14,- ,0,  ,4.0
122,1,35,27,18,14,8,2,60,35,7,1014,1011,1008,10,5,2,29,14,- ,0,  ,4.0
123,2,32,26,19,17,11,4,78,43,19,1011,1009,1007,10,5,1,34,13,- ,0,  ,5.0
124,3,32,26,19,17,13,10,83,51,19,1010,1009,1006,10,5,2,27,13,- ,0,  ,5.0
125,4,36,27,19,17,11,1,83,46,10,1012,1010,1008,10,4,1,37,16,- ,0,  ,5.0
126,5,34,27,19,16,9,2,78,39,7,1014,1012,1010,10,6,4,26,16,- ,0,  ,5.0
127,6,33,26,19,16,11,3,64,42,8,1013,1012,1010,10,5,3,27,13,- ,0,  ,5.0
128,7,33,27,20,18,14,10,88,51,20,1013,1011,1010,10,4,1,26,14,- ,0,  ,5.0
129,8,31,26,20,19,15,9,88,56,19,1013,1011,1009,10,5,3,35,14,- ,0,  ,5.0
130,9,31,26,20,18,13,9,83,52,19,1012,1011,1009,10,7,4,35,14,- ,0,  ,5.0
131,10,33,27,21,17,12,2,78,48,8,1014,1011,1008,10,7,3,39,21,- ,0,  ,5.0
132,11,30,25,20,15,11,7,68,41,17,1012,1010,1008,10,10,10,34,13,- ,0,  ,5.0
133,12,27,23,19,15,12,9,78,53,26,1013,1012,1011,10,9,6,21,13,- ,0,  ,5.0
134,13,34,28,21,15,9,4,60,34,8,1012,1009,1004,10,6,2,42,26,- ,0,  ,5.0
135,14,27,22,18,13,9,3,64,42,15,1011,1010,1008,10,10,10,37,14,- ,0,  ,5.0
136,15,27,23,19,14,12,10,73,52,27,1015,1011,1010,10,10,10,24,18,- ,0,  ,5.0
137,16,28,23,18,16,13,10,83,55,23,1016,1015,1014,10,8,4,32,13,- ,0,  ,5.0
138,17,32,26,20,16,10,5,73,41,11,1018,1016,1014,10,10,10,32,23,- ,0,  ,5.0
139,18,34,27,20,16,10,6,78,36,12,1017,1015,1013,10,10,10,32,23,- ,0,  ,5.0
140,19,38,30,22,15,9,4,53,28,7,1014,1011,1008,10,6,3,34,13,- ,0,  ,5.0
141,20,33,27,21,18,15,11,78,50,22,1012,1011,1009,10,6,4,29,16,- ,0,  ,5.0
142,21,33,27,21,17,12,6,78,44,13,1013,1011,1010,10,7,6,24,11,- ,0,  ,5.0
143,22,34,28,22,17,12,6,61,38,10,1013,1012,1010,10,10,10,27,13,- ,0,  ,5.0
144,23,36,29,22,18,10,0,78,37,7,1013,1011,1010,10,7,6,29,19,- ,0,  ,5.0
145,24,38,31,23,15,8,-2,54,29,8,1014,1012,1010,10,10,10,34,23,- ,0,  ,5.0
146,25,31,26,19,19,15,11,83,54,21,1015,1014,1013,10,10,10,24,19,- ,0,  ,5.0
147,26,30,24,19,16,13,7,78,51,19,1016,1014,1013,10,7,4,27,16,- ,0,  ,5.0
148,27,32,26,19,18,10,2,88,44,10,1018,1016,1015,10,6,4,37,16,- ,0,  ,5.0
149,28,36,28,21,6,2,-2,33,18,4,1017,1015,1014,10,10,10,27,11,- ,0,  ,5.0
150,29,41,32,24,1,-2,-6,19,11,4,1014,1010,1006,10,10,10,35,14,- ,0,  ,5.0
151,30,36,30,25,18,11,-5,65,33,4,1029,1009,1005,6,5,2,27,19,- ,0,  ,5.0
152,31,41,32,23,19,5,-6,78,28,4,1010,1007,1005,10,7,4,35,19,- ,0,,5.0
153,1,37,30,23,20,13,7,83,40,12,1013,1011,1006,10,8,6,32,23,- ,0,  ,5.0
154,2,44,34,23,15,2,-10,61,17,4,1012,1008,1006,10,8,6,35,23,- ,0,  ,6.0
155,3,32,28,23,20,16,11,78,49,22,1014,1011,1008,10,10,10,27,19,- ,0,  ,6.0
156,4,31,26,20,17,15,10,78,55,25,1016,1014,1013,10,7,6,29,18,- ,0,  ,6.0
157,5,31,26,21,17,13,1,78,49,15,1018,1016,1015,10,8,6,37,23,- ,0,  ,6.0
158,6,36,28,20,16,7,-3,78,32,4,1017,1016,1015,10,10,10,37,23,- ,0,  ,6.0
159,7,34,29,24,17,11,4,57,34,12,1016,1015,1013,10,7,6,24,11,- ,0,  ,6.0
160,8,42,33,25,15,4,-5,42,20,4,1013,1009,1005,10,5,2,39,18,- ,0,  ,6.0
161,9,31,27,23,18,16,14,73,54,30,1013,1010,1008,10,8,6,27,21,- ,0,  ,6.0
162,10,32,27,21,19,14,9,83,50,20,1013,1012,1010,10,6,4,24,14,- ,0,  ,6.0
163,11,34,27,21,18,13,7,83,47,14,1013,1011,1008,10,6,4,19,11,- ,0,  ,6.0
164,12,33,28,24,19,14,9,65,42,19,1010,1008,1007,10,6,4,26,16,- ,0,  ,6.0
165,13,30,25,20,17,14,10,78,52,26,1012,1010,1009,10,9,6,32,14,- ,0,  ,6.0
166,14,30,26,21,17,14,9,78,51,21,1013,1012,1010,10,9,6,26,14,- ,0,  ,6.0
167,15,29,23,17,17,15,13,78,56,28,1013,1012,1011,10,10,10,24,14,- ,0,  ,6.0
168,16,29,26,21,18,16,13,78,59,33,1013,1012,1010,10,10,10,27,18,- ,0,  ,6.0
169,17,32,27,22,19,17,13,83,55,28,1011,1009,1007,10,9,4,26,16,- ,0,  ,6.0
170,18,35,29,22,20,16,10,88,52,17,1008,1007,1005,10,5,1,24,13,- ,0,  ,6.0
171,19,35,29,24,21,16,11,78,47,15,1007,1006,1005,10,5,2,23,11,- ,0,  ,6.0
172,20,37,30,23,18,13,7,65,36,9,1009,1008,1006,10,10,10,27,13,- ,0,  ,6.0
173,21,36,30,25,21,14,9,74,41,12,1009,1008,1007,10,8,6,27,14,- ,0,  ,6.0
174,22,35,29,24,21,16,6,78,49,9,1009,1008,1006,10,9,6,26,13,- ,0,  ,6.0
175,23,35,29,24,22,18,10,83,55,15,1009,1008,1007,10,6,3,26,13,- ,0,  ,6.0
176,24,35,29,23,20,16,11,74,46,18,1010,1009,1008,10,6,3,23,11,- ,0,  ,6.0
177,25,35,29,23,17,14,7,61,40,16,1011,1009,1008,10,10,10,24,13,- ,0,  ,6.0
178,26,35,29,23,21,17,8,88,52,19,1011,1010,1009,10,5,3,23,13,- ,0,  ,6.0
179,27,32,28,23,20,18,15,78,59,26,1011,1010,1008,10,6,6,24,14,- ,0,  ,6.0
180,28,34,29,23,21,17,13,83,54,24,1010,1009,1008,10,10,10,27,19,- ,0,  ,6.0
181,29,33,28,22,20,18,15,83,58,28,1010,1009,1008,10,7,4,27,19,- ,0,  ,6.0
182,30,33,28,23,20,17,11,83,56,21,1012,1010,1009,10,7,6,27,19,- ,0,  ,6.0
183,1,31,27,22,19,16,14,78,57,29,1012,1011,1010,10,10,10,27,19,- ,0,  ,6.0
184,2,31,27,22,19,17,15,78,57,29,1012,1010,1008,10,9,4,24,19,- ,0,  ,7.0
185,3,32,27,22,21,18,13,83,60,29,1009,1008,1006,10,8,6,27,16,- ,0,  ,7.0
186,4,33,28,22,21,17,9,83,58,19,1010,1008,1007,10,5,3,26,16,- ,0,  ,7.0
187,5,32,27,22,20,17,14,88,59,26,1010,1009,1007,10,6,3,24,16,- ,0,  ,7.0
188,6,31,27,22,19,17,15,83,59,31,1011,1009,1008,10,8,6,24,16,- ,0,  ,7.0
189,7,32,27,22,20,18,16,88,60,30,1013,1011,1010,10,7,4,23,18,- ,0,  ,7.0
190,8,32,27,22,20,18,16,88,60,28,1013,1012,1011,10,10,10,23,16,- ,0,  ,7.0
191,9,32,27,23,20,18,16,83,60,34,1013,1010,1008,10,7,2,27,18,- ,0,  ,7.0
192,10,33,28,23,21,18,13,88,59,27,1009,1007,1005,10,8,4,26,16,- ,0,  ,7.0
193,11,33,28,23,21,19,16,83,61,27,1009,1007,1006,10,8,6,27,16,- ,0,  ,7.0
194,12,33,28,23,21,19,17,88,64,35,1010,1009,1008,10,7,6,40,18,- ,0,  ,7.0
195,13,33,28,23,21,19,15,88,60,24,1009,1008,1006,10,9,6,29,16,- ,0,  ,7.0
196,14,33,28,23,21,19,16,78,60,25,1008,1008,1006,10,10,10,29,18,- ,0,  ,7.0
197,15,34,28,23,21,19,15,83,59,25,1009,1007,1006,10,7,4,35,14,- ,0,  ,7.0
198,16,33,28,23,21,19,14,83,60,27,1010,1009,1007,10,10,10,35,18,- ,0,  ,7.0
199,17,33,28,22,20,17,12,78,54,23,1011,1010,1009,10,9,6,35,16,- ,0,  ,7.0
200,18,32,28,23,20,17,14,78,53,31,1011,1010,1009,10,9,6,29,11,- ,0,  ,7.0
201,19,32,28,23,21,19,17,78,61,36,1011,1009,1008,10,10,10,24,14,- ,0,  ,7.0
202,20,33,28,23,21,19,17,83,62,34,1009,1008,1007,10,8,6,26,14,- ,0,  ,7.0
203,21,32,27,22,20,17,12,83,56,27,1009,1008,1006,10,7,6,24,13,- ,0,  ,7.0
204,22,32,27,22,19,17,13,78,56,27,1008,1006,1004,10,10,10,24,13,- ,0,  ,7.0
205,23,32,28,23,21,19,14,83,62,35,1008,1006,1005,10,7,6,24,14,- ,0,  ,7.0
206,24,33,28,23,21,19,13,88,61,28,1010,1008,1007,10,6,6,24,11,- ,0,  ,7.0
207,25,34,28,23,20,18,13,83,58,26,1010,1009,1007,10,7,6,24,14,- ,0,  ,7.0
208,26,34,28,23,22,18,13,88,56,25,1008,1006,1005,10,6,3,24,11,- ,0,  ,7.0
209,27,35,29,23,20,17,10,78,49,22,1006,1005,1004,10,10,10,19,14,- ,0,  ,7.0
210,28,35,29,23,23,17,8,94,52,11,1009,1007,1006,10,4,2,23,11,- ,0,  ,7.0
211,29,36,29,23,19,13,6,61,37,9,1011,1009,1008,10,10,10,26,16,- ,0,  ,7.0
212,30,35,29,24,20,14,6,78,42,11,1009,1008,1006,10,9,6,24,13,- ,0,  ,7.0
213,31,34,29,23,20,14,5,73,42,8,1007,1006,1005,10,6,4,19,8,- ,0,  ,7.0
214,1,37,30,24,19,13,4,57,36,7,1008,1007,1005,10,6,6,21,10,- ,0,  ,7.0
215,2,36,31,26,23,18,13,79,48,19,1011,1009,1007,10,7,6,27,11,- ,0,  ,8.0
216,3,34,29,24,22,20,14,83,59,25,1011,1010,1009,10,10,10,21,13,- ,0,  ,8.0
217,4,33,29,24,21,20,17,78,60,35,1010,1009,1008,10,8,4,23,11,- ,0,  ,8.0
218,5,36,29,23,22,19,11,83,57,15,1008,1007,1006,10,8,6,23,13,- ,0,  ,8.0
219,6,37,31,24,23,19,10,94,59,20,1008,1006,1005,10,5,3,26,13,- ,0,  ,8.0
220,7,36,30,24,22,18,5,83,54,8,1009,1008,1007,10,8,6,26,13,- ,0,  ,8.0
221,8,35,29,24,23,18,12,83,55,23,1010,1009,1008,10,6,3,32,13,- ,0,  ,8.0
222,9,36,29,23,22,18,9,89,56,12,1009,1008,1006,10,7,4,27,10,- ,0,  ,8.0
223,10,34,29,24,22,18,10,83,57,17,1007,1006,1003,10,10,10,26,11,- ,0,  ,8.0
224,11,35,29,24,21,16,6,78,46,13,1008,1006,1005,10,7,6,26,10,- ,0,  ,8.0
225,12,34,29,24,21,18,13,70,52,21,1010,1009,1008,10,8,6,24,11,- ,0,  ,8.0
226,13,32,28,24,21,19,16,74,57,31,1009,1008,1007,10,10,10,24,14,- ,0,  ,8.0
227,14,33,28,24,21,19,16,83,56,28,1008,1007,1005,10,9,6,24,11,- ,0,  ,8.0
228,15,35,29,24,22,19,11,83,57,23,1009,1008,1006,10,6,6,21,10,- ,0,  ,8.0
229,16,36,30,24,24,21,16,83,62,30,1009,1007,1005,10,6,6,21,11,- ,0,  ,8.0
230,17,36,30,24,23,21,15,89,59,20,1009,1008,1006,10,5,3,24,14,- ,0,  ,8.0
231,18,34,29,24,22,19,13,83,57,29,1010,1009,1007,10,6,6,23,11,- ,0,  ,8.0
232,19,33,28,24,23,20,16,79,61,33,1009,1008,1006,10,7,6,24,14,- ,0,  ,8.0
233,20,36,30,24,23,21,18,83,61,34,1009,1008,1007,10,10,10,23,14,- ,0,  ,8.0
234,21,36,29,23,23,19,10,94,58,22,1010,1009,1008,10,6,3,201,13,- ,0,  ,8.0
235,22,34,29,24,23,18,9,89,57,20,1011,1009,1008,10,6,4,24,13,- ,0,  ,8.0
236,23,34,29,23,23,17,10,94,54,14,1012,1011,1010,10,7,6,24,13,- ,0,  ,8.0
237,24,33,28,24,21,18,15,78,55,27,1013,1011,1010,10,10,10,24,13,- ,0,  ,8.0
238,25,34,28,23,21,18,10,78,56,24,1012,1011,1009,10,7,6,27,13,- ,0,  ,8.0
239,26,32,28,23,19,16,12,73,51,24,1011,1010,1009,10,8,6,24,14,- ,0,  ,8.0
240,27,34,28,23,21,17,13,74,51,24,1010,1009,1007,10,8,2,32,11,- ,0,  ,8.0
241,28,36,29,23,21,18,12,83,54,19,1010,1009,1008,10,6,3,32,14,- ,0,  ,8.0
242,29,36,30,23,23,19,12,83,55,20,1011,1010,1008,10,5,3,19,10,- ,0,  ,8.0
243,30,36,30,24,22,19,12,83,56,16,1010,1009,1007,10,10,10,26,13,- ,0,  ,8.0
244,31,33,29,24,22,19,14,83,59,25,1011,1009,1008,10,10,10,29,13,- ,0,,8.0
245,1,33,28,23,20,19,16,78,58,27,1012,1010,1009,10,10,10,26,16,- ,0,  ,8.0
246,2,32,28,24,22,20,16,83,65,34,1014,1011,1010,10,10,10,27,16,- ,0,  ,9.0
247,3,34,29,24,22,19,14,89,63,22,1014,1013,1011,10,5,2,24,16,- ,0,  ,9.0
248,4,32,28,23,18,17,12,69,53,27,1013,1012,1010,10,10,10,27,18,- ,0,  ,9.0
249,5,33,28,23,21,19,15,83,61,26,1011,1010,1008,10,10,10,27,14,- ,0,  ,9.0
250,6,32,28,23,22,19,15,89,63,28,1014,1011,1009,10,7,3,29,16,- ,0,  ,9.0
251,7,31,27,22,18,16,13,73,55,26,1014,1013,1012,10,10,10,26,13,- ,0,  ,9.0
252,8,34,28,21,18,14,9,78,48,20,1014,1013,1011,10,10,10,26,13,- ,0,  ,9.0
253,9,32,27,22,21,15,11,78,47,23,1014,1012,1011,10,7,6,24,13,- ,0,  ,9.0
254,10,32,27,22,20,16,9,78,54,25,1015,1014,1012,10,6,1,29,13,- ,0,  ,9.0
255,11,32,27,22,21,17,7,88,58,21,1014,1013,1010,10,5,3,24,13,- ,0,  ,9.0
256,12,33,27,22,20,17,12,78,55,22,1012,1011,1009,10,5,4,26,14,- ,0,  ,9.0
257,13,36,29,22,22,17,12,83,53,20,1013,1012,1010,10,7,6,29,18,- ,0,  ,9.0
258,14,36,29,23,23,18,11,94,59,15,1014,1013,1011,10,6,2,29,18,- ,0,  ,9.0
259,15,33,28,23,23,20,17,100,66,32,1014,1012,1010,10,5,3,27,14,- ,0,  ,9.0
260,16,31,26,22,17,15,12,73,53,28,1013,1012,1010,10,10,10,24,14,- ,0,  ,9.0
261,17,34,27,21,17,14,12,73,48,19,1012,1010,1008,10,7,6,14,10,- ,0,  ,9.0
262,18,36,31,26,17,13,7,51,35,11,1010,1009,1007,10,5,3,27,14,- ,0,  ,9.0
263,19,42,33,25,22,13,4,74,35,8,1010,1008,1005,10,6,3,39,13,- ,0,  ,9.0
264,20,32,28,24,22,19,16,89,61,31,1016,1013,1010,10,9,2,24,13,- ,0,  ,9.0
265,21,33,27,22,20,19,16,78,59,32,1016,1015,1014,10,10,10,23,11,- ,0,  ,9.0
266,22,33,28,24,21,19,17,74,60,28,1014,1012,1010,10,6,2,32,11,- ,0,  ,9.0
267,23,31,27,23,20,16,12,74,53,23,1014,1012,1010,10,6,2,26,16,- ,0,  ,9.0
268,24,31,26,21,16,14,12,65,51,29,1016,1014,1012,10,10,10,29,11,- ,0,  ,9.0
269,25,29,24,20,16,13,11,73,51,25,1019,1017,1016,10,10,10,27,13,- ,0,  ,9.0
270,26,28,23,19,15,14,12,73,53,29,1019,1016,1015,10,10,10,32,13,- ,0,  ,9.0
271,27,28,23,19,17,15,12,78,57,36,1015,1014,1012,10,10,10,24,13,- ,0,  ,9.0
272,28,29,24,20,19,15,12,73,55,32,1014,1013,1012,10,8,6,21,6,- ,0,  ,9.0
273,29,29,24,20,18,16,13,78,57,26,1014,1013,1012,10,8,6,24,11,- ,0,  ,9.0
274,30,29,24,19,18,16,14,78,60,31,1013,1012,1010,10,9,3,27,11,- ,0,  ,9.0
275,1,30,25,20,19,16,13,83,57,30,1012,1010,1008,10,7,6,16,6,- ,0,  ,9.0
276,2,34,28,22,18,13,2,69,43,10,1011,1008,1007,10,7,4,32,18,- ,0,  ,10.0
277,3,31,26,22,20,17,14,78,58,29,1016,1013,1011,10,8,6,32,11,- ,0,  ,10.0
278,4,27,23,19,17,12,8,78,52,21,1018,1017,1015,10,6,2,32,16,- ,0,  ,10.0
279,5,24,21,18,12,10,9,68,51,26,1018,1017,1015,10,10,10,26,18,- ,0,  ,10.0
280,6,25,21,16,10,8,5,59,46,24,1019,1017,1016,10,9,6,29,16,- ,0,  ,10.0
281,7,26,21,17,10,8,7,59,45,21,1021,1019,1018,10,10,10,35,19,- ,0,  ,10.0
282,8,27,22,16,13,10,6,68,50,23,1020,1018,1016,10,9,6,37,24,- ,0,  ,10.0
283,9,30,23,16,16,11,2,77,51,10,1018,1016,1014,10,7,6,29,14,- ,0,  ,10.0
284,10,29,23,17,16,14,10,82,57,23,1019,1017,1016,10,5,3,27,13,- ,0,  ,10.0
285,11,29,23,17,16,13,9,78,55,23,1020,1019,1017,10,4,2,24,14,- ,0,  ,10.0
286,12,29,24,19,19,16,11,83,61,27,1019,1017,1015,10,4,1,24,11,- ,0,  ,10.0
287,13,29,24,20,20,18,16,88,70,34,1016,1013,1011,10,6,3,26,11,- ,0,  ,10.0
288,14,29,24,21,19,17,13,88,65,32,1016,1014,1012,6,6,4,19,13,- ,0,  ,10.0
289,15,29,24,20,19,15,7,94,60,21,1017,1016,1015,10,3,2,19,6,- ,0,  ,10.0
290,16,27,22,17,17,13,10,83,56,26,1017,1015,1013,10,7,3,19,11,- ,0,  ,10.0
291,17,31,24,17,13,9,5,59,38,16,1014,1011,1009,10,10,10,27,11,- ,0,  ,10.0
292,18,28,23,17,18,13,7,78,49,19,1017,1013,1010,10,10,10,37,14,- ,0,  ,10.0
293,19,26,22,18,16,12,9,73,54,33,1022,1019,1017,10,8,2,26,10,- ,0,  ,10.0
294,20,26,21,16,12,11,8,72,52,30,1022,1020,1018,10,6,6,34,18,- ,0,  ,10.0
295,21,28,22,17,14,12,11,77,56,24,1019,1017,1015,10,9,6,32,21,- ,0,  ,10.0
296,22,28,22,17,16,14,12,83,63,31,1017,1016,1014,10,7,6,26,13,- ,0,  ,10.0
297,23,27,22,17,16,14,12,88,63,30,1017,1016,1014,10,6,4,32,11,- ,0,  ,10.0
298,24,26,21,16,16,14,12,88,65,32,1017,1016,1014,10,6,3,23,13,- ,0,  ,10.0
299,25,27,21,16,18,13,9,94,65,27,1017,1015,1014,10,4,2,27,14,- ,0,  ,10.0
300,26,26,21,16,13,11,8,73,53,23,1017,1016,1015,10,10,10,27,13,- ,0,  ,10.0
301,27,26,21,16,15,13,8,88,62,26,1018,1016,1015,10,5,1,24,10,- ,0,  ,10.0
302,28,25,21,16,16,13,9,88,65,36,1018,1016,1014,6,4,1,24,6,- ,0,  ,10.0
303,29,24,20,15,16,14,11,88,67,39,1016,1014,1012,10,4,1,21,6,- ,0,fog,10.0
304,30,26,22,18,18,16,15,83,74,51,1015,1013,1011,10,7,3,21,11,- ,0,  ,10.0
305,31,27,23,19,19,17,14,88,75,47,1017,1015,1013,6,3,1,21,10,- ,0,,10.0
306,1,27,23,19,19,16,9,94,72,32,1017,1016,1014,6,3,1,14,8,- ,0,  ,10.0
307,2,25,21,18,19,16,13,100,75,47,1017,1016,1015,10,3,1,16,8,- ,0,fog,11.0
308,3,27,22,18,19,16,12,100,73,39,1018,1017,1015,10,5,1,24,10,- ,0,fog,11.0
309,4,28,23,18,19,16,8,94,69,28,1018,1016,1014,10,6,3,19,11,- ,0,  ,11.0
310,5,26,22,18,20,17,14,100,78,40,1018,1016,1015,10,3,0,11,5,- ,0,fog,11.0
311,6,27,22,17,17,12,7,88,58,22,1016,1014,1012,10,6,3,19,6,- ,0,  ,11.0
312,7,27,23,20,10,6,2,52,33,13,1011,1010,1008,10,6,6,32,19,- ,0,Rain,11.0
313,8,26,22,18,15,11,9,73,50,28,1013,1011,1010,10,5,2,19,6,- ,0,  ,11.0
314,9,24,20,16,16,14,-16,88,70,4,1015,1014,1013,10,5,1,24,8,- ,0,  ,11.0
315,10,25,21,17,17,16,13,94,73,41,1016,1015,1013,10,4,0,21,10,- ,0,Rain,11.0
316,11,26,21,17,19,16,14,100,74,39,1016,1015,1013,10,5,3,19,8,- ,0,  ,11.0
317,12,27,22,18,21,18,13,100,79,35,1016,1015,1014,10,3,0,16,6,- ,0,fog,11.0
318,13,26,22,18,21,16,8,100,73,22,1017,1015,1014,10,6,0,23,13,- ,0,fog,11.0
319,14,25,21,17,17,13,8,100,67,27,1016,1015,1013,10,7,6,23,14,- ,0,  ,11.0
320,15,26,21,17,14,11,8,77,53,21,1016,1014,1013,10,9,6,16,11,- ,0,  ,11.0
321,16,24,20,16,15,12,9,73,55,32,1017,1016,1015,10,6,4,16,8,- ,0,  ,11.0
322,17,23,20,17,16,14,11,94,72,44,1016,1014,1013,10,6,0,21,6,- ,0,fog,11.0
323,18,23,19,14,14,13,11,88,69,40,1016,1014,1012,10,7,3,19,6,- ,0.51,Rain,11.0
324,19,22,18,14,16,12,10,94,69,38,1019,1016,1015,10,4,0,13,3,- ,0,fog,11.0
325,20,23,19,14,15,13,11,88,67,39,1020,1018,1017,10,6,1,16,6,- ,0,  ,11.0
326,21,24,20,16,14,11,7,82,59,26,1019,1017,1014,10,8,6,27,13,- ,0,  ,11.0
327,22,28,22,17,12,4,1,72,35,10,1014,1012,1011,10,10,10,27,11,- ,0,  ,11.0
328,23,24,21,18,12,6,1,56,36,13,1016,1014,1011,10,7,4,26,18,- ,0,  ,11.0
329,24,24,20,16,12,9,6,72,52,25,1016,1015,1013,10,10,10,16,6,- ,0,  ,11.0
330,25,30,23,16,7,2,-1,52,20,7,1014,1012,1011,10,7,3,21,6,- ,0,  ,11.0
331,26,33,28,23,6,2,-1,23,18,9,1012,1010,1009,10,7,3,34,21,- ,0,  ,11.0
332,27,31,26,20,19,8,1,88,40,9,1019,1014,1011,10,4,2,21,14,- ,0,  ,11.0
333,28,24,21,18,18,16,13,94,73,45,1020,1019,1017,10,7,3,26,18,- ,0,  ,11.0
334,29,21,18,15,14,10,8,82,60,38,1020,1019,1017,10,9,6,24,16,- ,0,  ,11.0
335,30,21,16,11,11,8,6,72,58,29,1019,1017,1016,10,8,0,32,16,- ,0,  ,11.0
336,1,28,22,16,11,8,6,63,44,21,1016,1015,1014,10,4,1,11,3,- ,0,  ,11.0
337,2,30,26,21,12,11,7,47,37,19,1017,1015,1014,10,6,2,23,11,- ,0,  ,12.0
338,3,26,23,20,18,13,9,83,54,28,1015,1013,1012,10,5,3,21,13,- ,0,  ,12.0
339,4,22,20,18,17,12,8,83,61,30,1016,1015,1013,10,10,10,16,11,- ,0,  ,12.0
340,5,21,18,16,9,9,8,63,54,38,1018,1015,1014,10,10,10,24,13,- ,0,  ,12.0
341,6,21,17,13,9,6,2,72,50,21,1019,1017,1017,10,8,6,16,11,- ,0,  ,12.0
342,7,20,17,13,9,5,4,56,44,27,1021,1019,1017,10,6,4,14,10,- ,0,  ,12.0
343,8,22,18,14,12,9,7,72,59,34,1024,1021,1019,10,7,3,24,8,- ,0,  ,12.0
344,9,17,14,11,8,6,4,72,56,33,1026,1024,1023,10,8,6,21,10,- ,0,  ,12.0
345,10,18,14,11,7,5,3,71,54,30,1024,1021,1016,10,8,3,21,5,- ,0,  ,12.0
346,11,15,12,8,11,5,1,82,57,26,1016,1014,1012,10,9,6,37,21,- ,0,Rain,12.0
347,12,12,10,8,5,2,0,76,62,32,1017,1015,1014,10,10,8,27,19,- ,1.02,Rain,12.0
348,13,8,7,5,6,4,3,93,80,67,1021,1017,1014,10,9,8,26,16,- ,2.03,Rain,12.0
349,14,12,10,7,9,7,4,93,82,54,1028,1023,1020,10,10,4,23,13,- ,0,Rain,12.0
350,15,14,11,7,7,4,3,87,63,39,1030,1029,1027,10,6,2,16,6,- ,0,  ,12.0
351,16,15,10,6,6,3,1,87,60,32,1028,1026,1024,10,7,3,19,13,- ,0,  ,12.0
352,17,16,12,7,8,6,4,87,67,41,1024,1022,1020,10,6,2,13,6,- ,0,  ,12.0
353,18,17,12,8,8,6,3,87,62,30,1022,1020,1012,6,5,2,10,3,- ,0,  ,12.0
354,19,18,13,8,7,7,5,87,63,34,1025,1022,1020,6,5,2,11,3,- ,0,  ,12.0
355,20,18,13,9,8,7,6,82,64,33,1028,1025,1024,10,5,2,14,6,- ,0,  ,12.0
356,21,19,14,8,10,8,6,88,68,34,1028,1027,1025,10,8,3,27,10,- ,0,  ,12.0
357,22,19,14,9,10,8,5,94,69,29,1028,1026,1024,10,8,6,27,14,- ,0,  ,12.0
358,23,20,14,8,10,4,-2,93,59,18,1026,1024,1023,10,7,4,32,14,- ,0,  ,12.0
359,24,21,14,7,5,-6,-10,61,26,7,1024,1022,1021,10,7,3,19,6,- ,0,  ,12.0
360,25,22,17,11,-1,-4,-8,33,23,7,1022,1019,1018,10,5,2,21,10,- ,0,  ,12.0
361,26,20,16,12,9,4,-2,67,45,25,1020,1018,1017,10,5,2,14,8,- ,0,  ,12.0
362,27,21,16,11,11,7,3,82,56,22,1020,1017,1015,10,6,3,16,6,- ,0,  ,12.0
363,28,20,16,12,4,2,-2,58,41,23,1016,1015,1013,10,6,3,27,14,- ,0,  ,12.0
364,29,17,13,10,4,-1,-4,51,36,13,1017,1016,1014,10,5,3,21,13,- ,0,  ,12.0
365,30,18,14,12,10,8,4,88,65,52,1017,1015,1014,10,8,4,24,16,- ,0,  ,12.0
366,31,18,14,10,12,10,8,94,78,52,1020,1018,1017,10,5,2,16,5,- ,0,Rain,12.0
368,1,18,14,10,14,10,7,100,81,52,1022,1020,1019,6,4,0,11,2,-,0,Fog,1.0
369,2,19,14,11,10,8,7,82,69,49,1022,1021,1019,6,4,2,13,6,-,0,,1.0
370,3,18,14,10,11,8,7,87,70,52,1022,1020,1019,6,5,2,13,8,-,0,,1.0
371,4,19,14,10,12,10,8,88,75,56,1020,1019,1017,10,5,1,14,3,-,0,,1.0
372,5,19,14,10,11,9,7,94,75,49,1021,1019,1018,10,5,2,16,6,-,0,,1.0
373,6,18,13,9,11,8,5,94,70,42,1023,1021,1019,10,6,4,24,10,-,0,,1.0
374,7,19,14,9,9,4,1,82,55,23,1020,1017,1015,10,9,6,19,13,-,0,,1.0
375,8,19,15,11,5,3,2,58,45,22,1016,1014,1013,10,6,4,16,5,-,0,,1.0
376,9,15,13,11,8,7,5,77,66,49,1018,1016,1014,10,6,2,26,8,-,0,Rain,1.0
377,10,18,13,9,10,8,6,87,68,42,1023,1020,1017,10,5,1,14,11,-,0,,1.0
378,11,18,14,10,10,7,5,87,64,34,1027,1025,1023,10,6,1,13,3,-,0,,1.0
379,12,20,16,11,10,8,6,77,62,40,1027,1025,1023,10,6,2,13,5,-,0,,1.0
380,13,19,14,11,12,10,7,94,72,49,1024,1021,1018,10,7,4,14,8,-,0,,1.0
381,14,20,16,11,13,11,8,100,74,35,1019,1017,1015,10,7,3,16,10,-,0,,1.0
382,15,20,15,10,13,10,6,100,74,31,1021,1019,1018,10,6,0,24,14,-,0,Fog,1.0
383,16,22,16,10,9,3,-3,82,45,13,1018,1017,1015,10,5,1,16,6,-,0,,1.0
384,17,19,14,10,12,8,1,88,62,32,1024,1020,1016,10,4,0,16,5,-,0,,1.0
385,18,19,16,11,13,11,7,95,73,37,1026,1024,1022,10,5,0,21,6,-,0,Fog,1.0
386,19,21,16,11,11,7,3,94,56,33,1025,1022,1021,10,6,6,19,14,-,0,,1.0
387,20,22,16,9,9,5,-1,67,43,12,1022,1020,1019,6,3,2,13,5,-,0,,1.0
388,21,22,17,12,8,6,3,67,48,22,1020,1019,1016,10,5,2,11,5,-,0,,1.0
389,22,23,18,12,8,4,0,63,44,14,1020,1017,1016,6,4,3,11,3,-,0,,1.0
390,23,18,14,11,12,9,7,94,67,45,1022,1020,1019,10,4,1,16,8,-,0,,1.0
391,24,20,16,11,10,8,7,79,56,34,1022,1019,1017,10,9,6,21,11,-,0,,1.0
392,25,25,18,11,10,5,-2,76,45,8,1017,1013,1010,10,5,2,19,6,-,0,,1.0
393,26,26,20,13,9,2,-8,63,36,4,1010,1007,1003,10,6,3,37,11,-,0,,1.0
394,27,18,15,12,5,3,-1,58,42,19,1009,1007,1005,10,8,6,35,14,-,0,,1.0
395,28,18,14,11,6,4,1,67,49,23,1016,1012,1008,10,7,4,42,23,-,0,,1.0
396,29,20,15,10,3,1,-1,51,35,15,1020,1017,1015,10,7,6,23,13,-,0,,1.0
397,30,22,17,11,8,2,-1,67,38,13,1022,1020,1019,10,6,2,21,8,-,0,,1.0
398,31,21,17,12,10,8,4,82,62,25,1021,1019,1018,10,7,6,32,18,-,0,,1.0
399,1,21,15,9,13,10,6,94,70,26,1018,1016,1012,10,10,10,29,18,-,0,,2.0
400,2,23,19,15,13,10,4,82,61,28,1012,1008,1004,10,9,6,29,19,-,0,,2.0
401,3,19,16,13,13,10,8,100,67,36,1016,1012,1007,10,5,3,19,13,-,0,,2.0
402,4,20,17,13,12,10,6,94,67,33,1020,1017,1016,10,6,1,21,11,-,0,,2.0
403,5,17,13,10,10,5,1,82,55,23,1021,1019,1017,10,7,4,24,11,-,0,,2.0
404,6,17,13,9,8,4,1,59,51,36,1019,1017,1015,10,9,6,19,10,-,0,,2.0
405,7,18,14,11,6,3,0,67,49,21,1021,1018,1017,10,10,10,21,14,-,0,,2.0
406,8,18,14,9,7,5,3,71,54,28,1023,1022,1020,10,10,10,19,11,-,0,,2.0
407,9,19,13,7,8,5,2,93,57,23,1024,1022,1020,10,7,6,23,10,-,0,,2.0
408,10,21,14,9,9,7,3,87,61,22,1022,1021,1019,10,9,6,21,11,-,0,,2.0
409,11,22,16,9,9,6,0,88,56,20,1022,1020,1018,10,9,6,26,14,-,0,,2.0
410,12,25,17,9,12,8,4,100,65,17,1019,1015,1013,10,6,2,27,16,-,0,,2.0
411,13,21,17,12,12,10,7,88,68,35,1015,1013,1012,10,3,0,13,3,-,0,Fog,2.0
412,14,20,16,12,12,6,-2,96,55,16,1016,1014,1012,10,3,1,161,11,-,0,,2.0
413,15,15,13,11,11,7,3,88,67,41,1015,1012,1008,10,8,2,34,19,-,7.87,Rain,2.0
414,16,18,14,11,13,11,9,88,76,51,1022,1017,1014,10,8,3,21,13,-,0.25,Rain,2.0
415,17,19,14,10,14,10,6,100,75,37,1027,1023,1021,10,5,0,26,3,-,0,Fog,2.0
416,18,19,14,10,12,9,6,100,71,31,1027,1026,1024,10,6,2,21,6,-,0,,2.0
417,19,22,16,10,12,11,8,100,73,31,1026,1024,1014,10,7,3,27,14,-,0,,2.0
418,20,25,17,9,13,10,2,100,67,18,1022,1020,1018,10,5,0,21,13,-,0,Fog,2.0
419,21,29,20,12,13,6,0,94,47,9,1017,1015,1011,10,3,0,19,8,-,0,Fog,2.0
420,22,23,20,17,11,6,0,68,39,18,1016,1012,1010,10,9,6,26,16,-,0,,2.0
421,23,21,18,15,14,12,9,94,69,37,1017,1015,1014,10,7,0,19,8,-,0,,2.0
422,24,21,18,14,13,11,9,94,67,40,1018,1016,1014,10,6,1,16,8,-,0,,2.0
423,25,21,16,12,10,8,4,82,59,28,1022,1019,1016,10,9,6,16,5,-,0,,2.0
424,26,20,16,12,9,7,3,77,55,23,1023,1021,1019,10,7,6,23,5,-,0,,2.0
425,27,19,15,11,8,7,4,72,56,24,1023,1021,1018,10,6,3,23,11,-,0,,2.0
426,28,21,15,9,8,6,3,77,54,24,1022,1019,1017,10,10,10,26,11,-,0,,2.0
427,1,31,21,12,8,3,-9,77,42,4,1017,1011,1006,10,6,2,24,13,-,0,,3.0
428,2,23,21,18,11,1,-11,64,26,5,1013,1010,1005,4,2,1,35,18,-,0,,3.0
429,3,24,20,16,11,7,3,68,43,19,1013,1010,1007,6,3,2,19,11,-,0,,3.0
430,4,24,20,16,8,3,-1,55,32,10,1014,1011,1008,10,6,3,23,10,-,0,,3.0
431,5,29,22,16,8,1,-2,43,23,8,1014,1012,1010,10,6,6,145,11,-,0,,3.0
432,6,25,20,15,14,9,4,88,50,21,1018,1016,1013,10,7,6,27,10,-,0,,3.0
433,7,30,22,15,14,6,-1,63,38,8,1016,1010,1005,10,8,6,32,21,-,0,,3.0
434,8,22,19,16,15,12,-1,88,63,16,1015,1011,1005,10,6,6,23,16,-,0,,3.0
435,9,22,18,14,11,9,7,77,60,30,1014,1012,1010,10,7,3,19,14,-,0,Rain,3.0
436,10,22,17,12,10,6,1,88,53,16,1015,1013,1012,10,10,10,19,11,-,0,,3.0
437,11,22,17,13,10,5,-2,82,46,14,1018,1015,1013,10,10,10,32,13,-,0,Rain,3.0
438,12,18,16,13,9,7,3,72,55,26,1020,1017,1016,10,10,10,21,11,-,0,,3.0
439,13,17,14,11,8,7,2,77,60,32,1018,1016,1015,10,10,10,26,19,-,0,Rain,3.0
440,14,18,14,12,6,3,0,63,46,22,1023,1019,1017,10,10,10,21,14,-,0,,3.0
441,15,21,14,9,2,0,-4,58,36,11,1023,1021,1019,10,7,6,14,3,-,0,,3.0
442,16,28,21,13,1,-6,-11,41,17,4,1019,1014,1011,10,7,6,32,16,-,0,,3.0
443,17,25,21,18,10,2,-6,56,28,6,1017,1013,1010,10,5,3,29,23,-,0,,3.0
444,18,21,18,15,14,12,8,82,68,42,1018,1016,1015,10,8,2,19,8,-,0.25,Rain,3.0
445,19,22,18,14,14,12,8,94,69,30,1020,1018,1017,10,6,1,23,13,-,0,,3.0
446,20,23,18,13,15,11,6,100,68,28,1020,1019,1016,10,6,2,24,16,-,0,,3.0
447,21,24,18,12,15,10,4,100,67,20,1019,1017,1015,10,4,0,26,13,-,0,Fog,3.0
448,22,24,18,11,13,10,4,100,64,21,1017,1016,1014,10,7,2,24,16,-,0,,3.0
449,23,21,17,13,13,11,6,88,68,36,1015,1013,1012,10,7,3,19,13,-,0,,3.0
450,24,24,19,14,15,11,6,100,66,22,1015,1014,1012,10,3,0,23,11,-,0,Fog,3.0
451,25,23,18,12,13,9,4,94,56,17,1016,1014,1012,10,5,1,19,8,-,0,,3.0
452,26,27,21,14,11,6,-1,67,40,8,1020,1017,1016,10,6,3,19,6,-,0,,3.0
453,27,28,22,16,10,3,-5,68,33,7,1019,1017,1016,10,10,10,32,19,-,0,,3.0
454,28,29,21,12,14,8,-4,94,54,7,1017,1014,1011,10,8,6,21,16,-,0,,3.0
455,29,28,21,14,14,9,0,88,53,11,1012,1010,1007,10,5,2,24,10,-,0,,3.0
456,30,22,18,14,11,9,6,77,56,26,1013,1010,1008,10,8,4,19,13,-,0,,3.0
457,31,24,18,13,10,4,-5,77,46,7,1013,1010,1007,10,10,10,32,21,-,0,,3.0
458,1,23,18,12,10,8,5,72,54,24,1013,1009,1007,10,9,6,26,18,-,0,,4.0
459,2,21,18,14,10,8,4,77,57,24,1016,1014,1012,10,7,2,16,10,-,0,,4.0
460,3,23,18,12,12,9,4,82,57,18,1020,1017,1015,10,9,6,19,8,-,0,,4.0
461,4,26,20,14,12,7,0,82,44,10,1022,1019,1018,10,8,3,21,8,-,0,,4.0
462,5,29,21,13,12,7,-2,82,46,9,1019,1016,1012,10,10,10,23,14,-,0,,4.0
463,6,32,23,14,14,2,-10,82,34,4,1015,1012,1010,10,6,3,21,10,-,0,,4.0
464,7,27,22,17,16,9,-3,83,47,17,1017,1014,1011,10,6,2,23,11,-,0,,4.0
465,8,30,24,18,13,4,-2,73,31,7,1017,1015,1012,10,8,4,26,18,-,0,,4.0
466,9,24,19,14,14,12,7,88,61,24,1018,1016,1014,10,7,2,21,8,-,0,,4.0
467,10,24,19,14,12,8,3,82,50,16,1019,1017,1015,10,6,2,21,6,-,0,,4.0
468,11,26,20,15,9,4,-1,59,35,10,1018,1017,1015,10,10,10,24,11,-,0,,4.0
469,12,26,20,15,12,8,1,72,46,14,1018,1016,1015,10,10,10,26,18,-,0,,4.0
470,13,26,20,15,13,11,7,88,57,22,1018,1016,1014,10,9,6,26,11,-,0,,4.0
471,14,30,22,15,14,6,0,77,39,7,1015,1012,1009,10,10,10,37,16,-,0,,4.0
472,15,32,26,19,14,7,1,64,34,9,1012,1009,1007,10,9,6,32,13,-,0.51,Rain,4.0
473,16,28,22,17,16,12,7,82,56,20,1013,1011,1009,10,4,2,23,6,-,0,,4.0
474,17,27,22,17,16,11,2,94,55,12,1012,1011,1010,10,5,2,23,10,-,0,,4.0
475,18,35,28,20,16,6,-1,73,31,5,1014,1011,1009,10,10,10,24,18,-,0,,4.0
476,19,27,22,18,17,15,12,88,66,35,1015,1013,1010,10,7,3,24,16,-,0,,4.0
477,20,26,21,17,16,13,11,88,62,29,1016,1014,1013,10,6,2,24,18,-,0,,4.0
478,21,27,21,15,16,11,8,82,55,21,1017,1016,1013,10,7,6,27,16,-,0,,4.0
479,22,31,23,16,14,9,3,88,46,12,1019,1017,1015,10,8,6,23,18,-,0,,4.0
480,23,32,26,18,12,6,2,53,28,9,1018,1015,1012,10,10,10,34,21,-,0,,4.0
481,24,37,28,18,16,9,0,68,37,7,1013,1008,1004,10,10,10,27,19,-,0,,4.0
482,25,31,26,19,18,16,13,88,60,25,1013,1009,1007,10,5,1,24,8,-,0,Fog,4.0
483,26,28,22,17,14,12,7,77,54,18,1014,1013,1011,10,8,3,27,13,-,0,,4.0
484,27,31,23,15,14,8,-1,88,44,9,1013,1011,1009,10,10,10,23,13,-,0,,4.0
485,28,31,26,21,14,8,1,60,33,16,1016,1012,1010,10,6,6,26,13,-,0,,4.0
486,29,32,25,18,15,7,-3,78,37,5,1015,1014,1012,10,10,10,27,16,-,0,,4.0
487,30,32,27,21,12,4,-2,60,24,6,1014,1012,1011,10,10,10,24,11,-,0,,4.0
488,1,33,26,19,18,12,8,94,44,13,1014,1011,1009,10,9,6,27,11,-,0,,5.0
489,2,30,24,18,16,11,5,88,48,13,1015,1014,1013,10,8,6,23,13,-,0,,5.0
490,3,37,29,21,10,2,-2,38,18,4,1014,1012,1011,10,9,6,27,10,-,0,,5.0
491,4,39,34,30,6,-1,-4,21,10,4,1047,1010,1008,10,9,6,37,24,-,0,,5.0
492,5,36,31,27,12,11,6,35,26,13,1011,1009,1007,10,8,6,24,11,-,0,,5.0
493,6,28,25,22,17,16,9,73,53,24,1013,1011,1009,10,6,3,27,18,-,0,,5.0
494,7,26,22,19,17,14,10,83,60,30,1013,1011,1008,10,10,10,26,19,-,0,,5.0
495,8,26,22,18,15,11,4,83,55,17,1012,1010,1008,10,8,4,35,13,-,0,,5.0
496,9,27,22,17,14,8,2,68,41,10,1014,1013,1011,10,8,6,27,10,-,0,,5.0
497,10,29,23,18,14,9,1,73,43,9,1015,1013,1011,10,9,6,32,13,-,0,,5.0
498,11,26,22,17,14,11,3,82,53,14,1016,1014,1013,10,9,6,24,10,-,0,,5.0
499,12,25,21,17,13,12,9,73,52,29,1019,1017,1015,10,10,6,24,13,-,0,,5.0
500,13,28,22,17,15,11,6,77,50,15,1020,1019,1017,10,8,3,21,6,-,0,,5.0
501,14,31,24,18,13,7,3,60,33,10,1018,1016,1013,10,10,10,23,10,-,0,,5.0
502,15,34,27,20,11,4,1,53,22,7,1014,1012,1009,10,10,10,16,11,-,0,,5.0
503,16,31,25,19,17,14,8,83,55,19,1016,1013,1011,10,6,3,24,14,-,0,,5.0
504,17,29,24,18,15,12,8,78,49,18,1019,1016,1015,10,10,10,24,19,-,0,,5.0
505,18,28,22,17,14,10,5,77,48,15,1020,1018,1016,10,10,10,21,16,-,0,,5.0
506,19,31,24,17,14,11,7,73,46,17,1019,1017,1015,10,10,10,23,14,-,0,,5.0
507,20,34,27,19,14,6,3,68,26,8,1017,1013,1010,10,10,10,26,14,-,0,,5.0
508,21,31,27,23,18,13,5,65,39,13,1012,1009,1007,10,7,6,26,14,-,0,,5.0
509,22,30,24,19,17,14,7,83,54,18,1012,1011,1009,10,7,3,26,11,-,0,,5.0
510,23,30,24,19,17,15,11,78,57,21,1013,1011,1009,10,10,10,23,8,-,0,,5.0
511,24,31,24,19,17,14,8,94,55,16,1016,1013,1012,10,10,10,21,11,-,0,,5.0
512,25,31,25,19,17,12,5,78,48,11,1016,1015,1005,10,10,10,23,13,-,0,,5.0
513,26,32,26,20,15,11,8,68,39,14,1017,1015,1012,10,10,10,16,8,-,0,,5.0
514,27,39,32,25,16,8,3,54,23,5,1014,1010,1006,10,8,4,27,14,-,0,,5.0
515,28,31,26,19,18,16,13,78,56,27,1014,1011,1009,10,6,6,16,11,-,0,,5.0
516,29,35,28,21,19,13,3,88,46,10,1015,1013,1011,10,6,3,21,10,-,0,,5.0
517,30,42,34,26,14,6,0,47,20,4,1012,1009,1005,10,9,6,23,13,-,0,,5.0
518,31,30,26,22,19,14,10,78,51,20,1015,1012,1009,10,8,6,21,14,-,0,,5.0
519,1,29,24,19,14,12,9,68,47,20,1015,1014,1012,10,8,6,21,10,-,0,,6.0
520,2,30,24,19,16,12,8,73,45,18,1016,1015,1014,10,10,10,126,10,-,0,,6.0
521,3,37,29,22,15,7,2,57,27,6,1015,1012,1010,10,10,10,32,18,-,0,,6.0
522,4,43,34,26,16,6,1,48,19,4,1011,1008,1005,10,7,4,39,26,-,0,,6.0
523,5,31,27,22,18,14,10,68,46,21,1014,1012,1010,10,9,6,23,13,-,0,,6.0
524,6,30,25,20,16,13,9,78,51,22,1013,1012,1010,10,10,6,23,13,-,0,,6.0
525,7,30,24,19,14,12,9,60,42,18,1012,1011,1009,10,9,6,19,8,-,0,,6.0
526,8,29,24,21,18,16,13,78,55,25,1011,1010,1008,10,9,6,19,8,-,0,,6.0
527,9,32,26,21,18,16,11,83,55,22,1012,1010,1008,10,10,10,26,11,-,0,,6.0
528,10,33,27,21,19,15,10,78,50,17,1013,1012,1011,10,10,10,23,13,-,0,,6.0
529,11,34,28,22,19,14,7,78,46,12,1014,1013,1011,10,10,10,24,13,-,0,,6.0
530,12,32,27,22,19,15,8,73,47,16,1012,1011,1009,10,8,6,19,11,-,0,,6.0
531,13,32,27,22,20,17,14,73,54,29,1010,1009,1007,10,9,6,16,10,-,0,,6.0
532,14,33,28,23,21,17,10,88,55,18,1011,1009,1008,10,5,2,21,8,-,0,,6.0
533,15,35,29,23,17,12,6,65,36,12,1013,1012,1011,10,10,10,21,10,-,0,,6.0
534,16,38,31,24,14,8,-3,50,28,4,1013,1011,1008,10,10,10,34,19,-,0,,6.0
535,17,35,29,22,18,15,12,73,42,18,1015,1013,1011,10,10,10,26,21,-,0,,6.0
536,18,34,28,22,20,16,10,83,50,17,1015,1013,1012,10,6,2,24,11,-,0,,6.0
537,19,37,31,24,18,14,8,69,40,11,1013,1011,1010,10,5,3,23,6,-,0,,6.0
538,20,36,30,23,18,14,12,61,37,16,1013,1009,1008,10,7,3,26,11,-,0,,6.0
539,21,31,26,22,17,16,14,69,53,28,1015,1013,1012,10,10,10,21,13,-,0,,6.0
540,22,31,26,21,19,16,12,83,55,25,1016,1014,1013,10,10,10,23,16,-,0,,6.0
541,23,32,27,21,18,17,13,83,56,22,1015,1014,1012,10,8,6,24,16,-,0,,6.0
542,24,33,27,21,18,14,5,83,45,13,1012,1011,1009,10,7,6,21,11,-,0,,6.0
543,25,33,27,21,20,16,7,83,50,12,1011,1010,1008,10,7,4,19,11,-,0,,6.0
544,26,36,29,22,20,15,7,88,47,11,1012,1010,1009,10,5,3,23,10,-,0,,6.0
545,27,38,31,23,20,14,6,78,39,10,1012,1011,1009,10,10,10,23,13,-,0,,6.0
546,28,41,32,24,17,12,6,53,30,9,1012,1011,1009,10,10,10,27,14,-,0,,6.0
547,29,38,32,25,22,17,11,78,43,17,1011,1010,1008,10,6,3,24,10,-,0,,6.0
548,30,34,28,23,21,18,14,83,58,22,1012,1010,1008,10,6,6,19,8,-,0,,6.0
549,1,34,29,23,22,19,15,88,59,26,1014,1012,1011,10,5,2,21,13,-,0,,7.0
550,2,36,29,23,23,17,10,91,52,13,1014,1013,1011,10,6,3,24,13,-,0,,7.0
551,3,34,29,23,21,17,12,78,51,22,1013,1010,1007,10,7,3,16,8,-,0,,7.0
552,4,36,29,23,21,18,13,88,57,19,1007,1005,1003,10,5,3,23,11,-,0,,7.0
553,5,33,28,22,19,16,12,78,52,20,1008,1006,1005,10,10,10,26,16,-,0,,7.0
554,6,33,28,22,20,18,16,83,57,27,1011,1009,1008,10,10,6,16,11,-,0,,7.0
555,7,34,29,23,21,18,12,85,56,24,1013,1011,1009,10,6,3,23,11,-,0,,7.0
556,8,33,28,23,20,17,13,83,54,21,1011,1009,1008,10,5,2,16,10,-,0,,7.0
557,9,35,29,22,20,17,10,83,51,15,1010,1009,1007,10,6,3,14,8,-,0,,7.0
558,10,38,31,24,25,17,6,79,48,12,1010,1009,1007,10,6,3,14,6,-,0,,7.0
559,11,37,31,24,24,19,6,94,54,15,1010,1009,1009,10,4,2,19,8,-,0,,7.0
560,12,39,33,27,22,14,1,70,35,11,1014,1011,1009,10,7,3,23,8,-,0,,7.0
561,13,35,29,24,23,19,12,89,58,16,1014,1013,1011,10,5,3,21,11,-,0,,7.0
562,14,32,28,23,21,18,13,83,57,25,1013,1011,1009,10,7,6,19,11,-,0,,7.0
563,15,33,27,21,20,18,12,83,57,20,1011,1009,1007,10,7,4,21,11,-,0,,7.0
564,16,33,28,22,21,18,13,83,56,27,1013,1011,1009,10,7,6,21,10,-,0,,7.0
565,17,32,27,22,20,18,16,78,58,30,1012,1011,1010,10,10,10,19,11,-,0,,7.0
566,18,31,27,23,20,18,15,83,62,40,1011,1010,1009,10,8,6,19,13,-,0,,7.0
567,19,32,28,23,20,17,12,83,55,23,1011,1010,1009,10,8,4,19,11,-,0,,7.0
568,20,33,28,23,25,17,12,98,51,19,1010,1009,1008,10,6,3,19,10,-,0,,7.0
569,21,33,28,24,20,17,14,69,48,26,1010,1008,1007,10,9,6,21,8,-,0,,7.0
570,22,34,29,24,21,19,14,74,57,27,1010,1009,1008,10,6,3,19,6,-,0,,7.0
571,23,35,29,23,22,19,13,89,55,22,1011,1009,1008,10,5,2,19,10,-,0,,7.0
572,24,35,29,23,22,17,8,78,49,17,1010,1009,1007,10,8,6,19,11,-,0,,7.0
573,25,33,28,23,21,18,15,78,55,28,1009,1008,1007,10,10,10,19,10,-,0,,7.0
574,26,33,28,24,20,18,12,78,55,24,1011,1009,1008,10,10,10,19,10,-,0,,7.0
575,27,34,29,24,23,19,14,78,54,21,1013,1012,1010,10,10,10,16,10,-,0,,7.0
576,28,34,29,24,22,20,12,89,60,25,1014,1012,1011,10,6,3,21,11,-,0,,7.0
577,29,36,30,24,22,18,10,83,48,15,1011,1010,1008,10,7,3,21,10,-,0,,7.0
578,30,36,31,26,21,16,10,70,42,20,1009,1008,1007,10,10,10,16,8,-,0,,7.0
579,31,34,29,23,22,19,15,89,59,30,1009,1008,1007,10,7,4,16,10,-,0,,7.0
580,1,37,30,24,22,19,14,83,52,20,1008,1007,1006,10,8,6,16,6,-,0,,8.0
581,2,34,29,24,23,19,15,89,55,22,1009,1008,1007,10,8,6,21,11,-,0,,8.0
582,3,32,28,24,21,19,17,74,58,31,1009,1008,1007,10,10,10,19,11,-,0,,8.0
583,4,33,28,24,22,19,17,78,59,31,1009,1007,1005,10,9,6,16,10,-,0,,8.0
584,5,36,31,25,22,17,13,78,48,16,1007,1006,1004,10,10,10,119,13,-,0,,8.0
585,6,37,31,26,21,16,11,62,38,14,1007,1006,1005,10,8,4,21,6,-,0,,8.0
586,7,36,31,26,23,16,10,70,41,14,1010,1007,1006,10,10,10,23,13,-,0,,8.0
587,8,34,29,24,22,19,13,83,55,19,1012,1011,1010,10,7,6,121,13,-,0,,8.0
588,9,32,28,24,21,19,16,78,59,30,1012,1011,1009,10,10,10,19,11,-,0,,8.0
589,10,33,28,24,21,19,18,78,61,35,1011,1010,1008,10,8,4,19,11,-,0,,8.0
590,11,34,29,24,22,19,14,83,55,22,1011,1009,1008,10,7,6,19,10,-,0,,8.0
591,12,35,29,24,23,18,5,89,55,13,1010,1009,1007,10,7,3,19,10,-,0,,8.0
592,13,35,30,24,23,19,13,89,56,22,1009,1008,1006,10,5,2,19,8,-,0,,8.0
593,14,36,30,23,22,19,11,83,54,19,1011,1009,1008,10,5,3,21,10,-,0,,8.0
594,15,36,30,24,23,18,12,83,51,17,1012,1011,1010,10,6,2,19,6,-,0,,8.0
595,16,35,29,24,23,19,14,94,53,21,1011,1008,1006,10,4,1,19,6,-,0,,8.0
596,17,36,30,25,23,21,14,89,66,19,1007,1006,1004,10,6,3,19,11,-,0,,8.0
597,18,35,30,25,22,19,11,83,53,17,1009,1007,1005,10,10,10,23,10,-,0,,8.0
598,19,34,29,25,22,18,14,83,56,24,1013,1011,1009,10,9,6,23,13,-,0,,8.0
599,20,34,29,25,22,17,12,74,49,21,1015,1013,1011,10,9,6,24,11,-,0,,8.0
600,21,33,29,24,21,19,16,78,56,26,1014,1012,1010,10,8,4,24,11,-,0,Rain,8.0
601,22,36,30,24,22,20,17,89,59,28,1012,1010,1008,10,6,1,19,11,-,0,,8.0
602,23,38,31,24,23,21,15,83,57,20,1010,1008,1006,10,7,4,16,10,-,0,,8.0
603,24,37,31,26,24,22,14,89,61,20,1009,1007,1005,10,5,3,16,8,-,0,,8.0
604,25,38,31,25,24,21,13,89,61,18,1011,1009,1008,10,6,3,19,10,-,0,,8.0
605,26,37,31,24,23,17,8,89,48,12,1011,1010,1008,10,6,3,16,8,-,0,,8.0
606,27,35,30,25,22,19,13,83,53,23,1010,1009,1007,10,6,3,21,8,-,0,,8.0
607,28,35,30,25,22,19,10,83,57,14,1010,1008,1007,10,9,6,16,6,-,0,,8.0
608,29,36,30,24,22,18,10,83,52,12,1010,1009,1008,10,10,10,21,8,-,0,,8.0
609,30,35,29,24,22,19,14,89,57,25,1011,1010,1008,10,10,10,19,11,-,0,,8.0
610,31,33,29,24,21,19,15,78,60,28,1011,1010,1008,10,7,6,19,10,-,0,,8.0
611,1,34,29,24,20,18,12,78,54,22,1011,1010,1008,10,10,10,19,10,-,0,,9.0
612,2,33,29,24,20,18,15,78,53,26,1011,1010,1008,10,10,10,16,8,-,0,,9.0
613,3,36,29,23,22,17,9,78,49,14,1011,1010,1009,10,8,6,19,3,-,0,,9.0
614,4,39,32,25,20,14,5,65,37,8,1011,1010,1008,10,9,6,19,3,-,0,,9.0
615,5,33,29,25,22,18,14,83,55,23,1010,1009,1007,10,8,3,23,11,-,0,,9.0
616,6,33,29,24,20,17,13,69,50,21,1011,1009,1008,10,9,6,19,8,-,0,,9.0
617,7,36,30,24,20,17,12,69,50,21,1014,1012,1010,10,10,10,23,6,-,0,,9.0
618,8,33,29,24,20,18,13,74,53,24,1015,1014,1012,10,10,10,21,10,-,0,,9.0
619,9,33,28,24,21,18,14,78,54,23,1014,1013,1011,10,10,10,26,8,-,0,,9.0
620,10,32,28,24,21,18,14,74,55,26,1013,1012,1011,10,9,4,23,10,-,0,,9.0
621,11,33,28,24,20,18,14,74,54,24,1015,1014,1013,10,10,10,24,10,-,0,,9.0
622,12,32,28,24,20,18,12,74,53,20,1015,1014,1013,10,10,10,26,13,-,0,,9.0
623,13,32,28,23,19,17,14,78,53,27,1015,1013,1012,10,8,3,23,11,-,0,,9.0
624,14,33,28,23,20,18,16,74,56,26,1013,1012,1010,10,7,2,24,6,-,0,,9.0
625,15,34,29,23,21,18,11,78,52,20,1013,1012,1011,10,8,6,21,5,-,0,,9.0
626,16,39,31,24,20,14,6,74,39,7,1012,1010,1007,10,10,10,24,8,-,0,,9.0
627,17,33,29,24,20,18,8,69,49,25,1013,1009,1007,10,6,2,24,8,-,0,,9.0
628,18,33,28,23,19,17,14,73,53,24,1016,1014,1012,10,9,6,24,8,-,0,,9.0
629,19,32,28,23,19,17,15,73,53,28,1017,1015,1014,10,9,4,24,11,-,0,,9.0
630,20,31,27,22,18,16,14,69,53,25,1016,1015,1013,10,9,6,23,10,-,0,,9.0
631,21,32,27,22,19,17,13,78,54,23,1014,1013,1012,10,8,3,21,10,-,0,,9.0
632,22,32,28,23,20,17,15,69,53,27,1014,1013,1011,10,6,3,26,6,-,0,,9.0
633,23,34,28,23,21,18,15,83,56,23,1015,1014,1012,10,6,2,24,11,-,0,,9.0
634,24,37,30,23,20,17,11,78,48,13,1016,1015,1013,10,8,4,21,11,-,0,,9.0
635,25,35,30,25,21,18,15,74,50,27,1016,1015,1013,10,5,3,21,6,-,0,,9.0
636,26,34,28,23,21,17,13,83,51,22,1017,1015,1013,10,6,2,21,6,-,0,,9.0
637,27,39,32,24,20,13,8,69,34,10,1014,1012,1009,10,8,3,32,10,-,0,,9.0
638,28,29,26,23,20,16,9,69,52,25,1017,1015,1013,10,9,6,21,13,-,0,,9.0
639,29,29,25,21,16,14,11,65,49,24,1017,1016,1015,10,9,6,21,10,-,0,Rain,9.0
640,30,28,24,21,16,14,11,68,52,23,1017,1015,1014,10,7,2,21,8,-,0,,9.0
641,1,29,25,21,17,14,11,73,53,32,1016,1015,1014,10,8,2,24,11,-,0,,10.0
642,2,29,24,20,16,13,11,64,49,23,1017,1016,1014,10,9,4,23,6,-,0,,10.0
643,3,29,25,21,16,14,11,73,53,26,1017,1015,1013,10,6,2,23,6,-,0,,10.0
644,4,29,25,21,17,14,9,73,52,21,1017,1015,1014,10,6,2,21,6,-,0,,10.0
645,5,30,24,19,16,13,9,69,50,19,1019,1017,1015,10,7,6,27,10,-,0,,10.0
646,6,31,26,20,17,15,12,83,57,23,1019,1018,1016,10,10,10,27,11,-,0,,10.0
647,7,32,27,21,19,17,15,88,62,26,1020,1016,1014,10,10,10,27,18,-,0,,10.0
648,8,34,18,2,21,18,13,94,64,31,1015,1014,1012,10,8,2,21,14,-,0,,10.0
649,9,30,25,20,19,16,11,88,58,23,1015,1013,1012,10,6,2,19,10,-,0,,10.0
650,10,31,26,20,19,16,12,88,61,25,1015,1013,1012,10,5,3,19,10,-,0,,10.0
651,11,29,25,21,18,16,12,78,58,24,1016,1015,1013,10,6,1,16,5,-,0,,10.0
652,12,29,24,20,18,16,11,78,59,26,1017,1016,1014,10,6,2,21,5,-,0,,10.0
653,13,29,24,20,17,14,9,78,52,20,1016,1015,1014,10,8,2,19,8,-,0,,10.0
654,14,28,24,21,16,14,10,73,53,25,1016,1015,1013,10,6,2,19,5,-,0,,10.0
655,15,27,23,19,15,13,9,68,50,24,1026,1016,1014,10,6,2,13,3,-,0,,10.0
656,16,27,23,19,16,14,12,73,56,29,1021,1018,1016,10,6,2,21,5,-,0,,10.0
657,17,29,23,18,18,15,12,83,58,26,1021,1020,1018,10,4,1,13,6,-,0,,10.0
658,18,31,26,20,19,18,14,83,64,33,1020,1017,1014,10,5,2,16,6,-,0,,10.0
659,19,29,24,21,20,18,14,88,67,37,1014,1012,1002,10,10,6,26,13,-,0,,10.0
660,20,27,23,19,18,13,7,83,55,21,1016,1014,1013,10,7,3,16,8,-,0,,10.0
661,21,26,22,18,11,9,8,56,44,22,1017,1016,1014,10,6,3,13,2,-,0,,10.0
662,22,26,22,17,12,11,10,68,51,27,1016,1015,1014,10,6,4,13,6,-,0,,10.0
663,23,28,23,19,12,8,3,60,36,11,1017,1015,1014,10,6,3,23,6,-,0,,10.0
664,24,31,26,21,7,6,4,38,27,13,1017,1016,1014,10,10,10,24,11,-,0,,10.0
665,25,33,27,21,10,5,3,41,23,9,1016,1014,1013,10,8,6,19,11,-,0,,10.0
666,26,31,25,19,16,12,5,65,42,19,1016,1015,1014,6,4,2,13,3,-,0,,10.0
667,27,28,24,21,19,16,12,88,63,31,1019,1017,1015,10,7,2,23,6,-,0,,10.0
668,28,27,23,19,18,15,11,78,60,32,1018,1017,1015,10,9,6,24,10,-,0,,10.0
669,29,26,21,17,15,13,11,82,59,33,1018,1016,1015,10,7,2,14,6,-,0,,10.0
670,30,26,21,17,15,13,8,77,57,31,1017,1016,1014,10,9,6,19,10,-,0,,10.0
671,31,26,22,19,14,13,10,77,56,31,1017,1016,1015,10,10,10,19,6,-,0,,10.0
672,1,28,22,17,13,11,8,73,46,21,1017,1016,1015,10,8,6,23,5,-,0,,11.0
673,2,27,24,21,15,7,3,68,34,14,1017,1014,1013,10,7,3,27,19,-,0,,11.0
674,3,26,21,17,16,13,9,83,61,25,1020,1018,1016,10,9,6,16,6,-,0,,11.0
675,4,24,20,16,15,12,8,83,61,30,1022,1020,1018,10,6,1,19,5,-,0,,11.0
676,5,23,19,16,12,11,9,68,55,32,1024,1022,1021,10,10,10,19,5,-,0,,11.0
677,6,26,20,14,13,11,8,72,57,27,1024,1022,1020,10,10,10,111,11,-,0,,11.0
678,7,27,21,15,13,6,-1,77,43,9,1021,1018,1015,10,10,10,24,10,-,0,,11.0
679,8,31,23,17,4,3,1,37,25,9,1017,1016,1015,10,8,6,21,5,-,0,,11.0
680,9,27,22,18,16,11,3,73,47,22,1021,1018,1016,10,6,2,16,6,-,0,,11.0
681,10,26,21,16,15,13,11,82,62,30,1021,1019,1018,10,6,3,19,6,-,0,,11.0
682,11,26,21,16,17,14,13,94,70,40,1020,1017,1016,10,7,3,16,5,-,0,,11.0
683,12,25,20,16,16,14,13,88,68,39,1017,1015,1014,10,5,1,19,5,-,0,,11.0
684,13,25,20,16,15,14,11,88,66,32,1016,1014,1012,10,5,2,14,5,-,0,,11.0
685,14,26,21,17,16,13,10,83,60,28,1015,1013,1012,10,6,2,14,6,-,0,,11.0
686,15,26,21,16,14,9,5,77,49,18,1015,1014,1012,10,6,2,21,5,-,0,,11.0
687,16,23,19,16,15,11,6,68,56,38,1016,1014,1013,10,9,3,16,3,-,0,,11.0
688,17,23,19,16,14,12,11,82,63,36,1020,1017,1016,10,7,3,14,3,-,0,,11.0
689,18,24,19,15,14,12,10,82,65,35,1022,1020,1019,10,8,6,21,8,-,0,,11.0
690,19,24,19,14,16,14,12,94,71,43,1021,1019,1018,10,7,6,26,11,-,0,,11.0
691,20,25,20,15,17,14,12,100,73,34,1018,1016,1015,10,5,2,19,5,-,0,,11.0
692,21,24,19,14,15,13,11,94,67,39,1018,1016,1015,10,6,1,21,6,-,0,,11.0
693,22,22,19,16,12,10,9,68,56,37,1020,1018,1017,10,10,10,19,6,-,0,,11.0
694,23,21,17,14,10,8,5,68,54,25,1019,1017,1016,10,9,3,19,6,-,0,,11.0
695,24,24,19,14,12,10,8,82,67,32,1017,1015,1014,10,8,2,21,10,-,4.06,Rain,11.0
696,25,20,16,12,13,11,8,88,72,45,1017,1016,1015,10,5,1,19,8,-,0.25,,11.0
697,26,19,17,14,13,9,6,88,64,33,1019,1017,1016,10,10,6,26,11,-,0,Rain,11.0
698,27,19,16,13,11,9,9,77,62,42,1023,1020,1018,10,9,6,16,10,-,0,,11.0
699,28,21,17,13,11,9,7,77,58,32,1025,1023,1022,10,7,3,13,3,-,0,,11.0
700,29,21,17,13,13,11,9,82,66,41,1025,1024,1022,10,9,6,14,8,-,0,,11.0
701,30,22,18,14,16,13,12,100,75,46,1023,1021,1020,10,6,2,16,6,-,0,,11.0
702,1,24,19,13,14,12,8,88,66,32,1022,1021,1020,10,6,3,10,5,-,0,,12.0
703,2,26,20,15,13,9,2,88,58,14,1021,1020,1018,10,7,6,21,13,-,0,,12.0
704,3,26,19,13,12,8,4,82,50,18,1020,1018,1017,10,6,3,16,3,-,0,,12.0
705,4,29,23,17,11,8,6,52,40,14,1019,1017,1016,10,5,2,13,2,-,0,,12.0
706,5,28,22,17,17,12,7,88,55,17,1019,1017,1015,10,3,1,142,6,-,0,,12.0
707,6,24,20,15,18,16,12,100,83,44,1018,1016,1015,10,4,0,16,11,-,0,Fog,12.0
708,7,22,18,13,19,16,12,100,86,46,1018,1016,1015,10,4,0,21,13,-,0,Fog,12.0
709,8,23,18,13,18,14,11,100,77,47,1016,1012,1010,10,4,2,16,6,-,0,,12.0
710,9,21,18,15,14,7,0,88,51,15,1017,1012,1009,10,4,1,26,14,-,0,,12.0
711,10,21,17,12,5,3,2,51,39,18,1020,1019,1017,10,5,2,19,10,-,0,,12.0
712,11,27,19,12,6,2,-3,63,34,12,1020,1016,1013,10,6,3,14,2,-,0,,12.0
713,12,20,17,13,6,-1,-4,48,29,13,1019,1016,1012,10,5,2,23,13,-,0,,12.0
714,13,20,16,12,11,7,0,72,52,30,1020,1018,1017,10,10,10,21,13,-,0,,12.0
715,14,20,17,13,13,11,10,88,70,42,1022,1021,1019,10,9,4,19,6,-,0,,12.0
716,15,21,17,13,14,11,8,100,73,34,1025,1023,1021,10,5,1,145,5,-,0,,12.0
717,16,21,17,12,14,11,7,100,71,27,1024,1023,1022,10,7,3,24,8,-,0,,12.0
718,17,21,16,11,11,7,3,100,54,20,1022,1021,1019,10,6,3,13,6,-,0,,12.0
719,18,21,18,14,8,4,1,49,38,20,1020,1019,1017,10,6,3,19,10,-,0,,12.0
720,19,21,18,14,12,8,5,82,54,29,1021,1019,1018,10,5,3,16,3,-,0,,12.0
721,20,21,16,11,13,11,7,94,71,32,1022,1021,1020,10,6,1,14,5,-,0,,12.0
722,21,20,17,13,12,9,4,94,64,29,1023,1022,1020,10,5,2,16,3,-,0,,12.0
723,22,20,16,12,13,9,7,82,67,40,1023,1021,1019,10,6,2,21,5,-,0,Rain,12.0
724,23,18,14,11,8,6,5,67,55,33,1025,1023,1021,10,8,3,16,6,-,0,,12.0
725,24,19,14,10,10,8,6,82,64,36,1026,1025,1024,10,5,3,21,5,-,0,,12.0
726,25,19,14,9,11,9,7,100,72,44,1024,1022,1019,10,8,6,19,3,-,0,,12.0
727,26,21,16,10,17,11,7,100,77,33,1019,1017,1016,10,3,0,10,0,-,0,Fog,12.0
728,27,19,16,11,13,9,6,100,68,39,1019,1017,1015,10,5,0,11,3,-,0,Fog,12.0
729,28,19,16,12,7,3,2,67,44,22,1023,1021,1018,10,7,3,23,11,-,0,,12.0
730,29,19,15,11,3,2,-1,54,40,21,1023,1021,1020,10,5,2,14,10,-,0,,12.0
731,30,20,16,11,3,1,-2,58,37,15,1021,1018,1016,10,6,3,13,6,-,0,,12.0
732,31,22,17,12,1,-2,-4,44,27,11,1017,1016,1015,10,9,6,19,11,-,0,,12.0
